,Station,Date,DOY,X_ITRF2014,Y_ITRF2014,Z_ITRF2014
69,RKPT,2017/04/28,2017118,-691198.911,-5591769.542,2979082.909
72,RKPT,2017/04/29,2017119,-691198.910,-5591769.539,2979082.906
76,RKPT,2017/04/30,2017120,-691198.910,-5591769.535,2979082.904
82,RKPT,2017/05/01,2017121,-691198.911,-5591769.543,2979082.909
360,RKPT,2017/05/02,2017122,-691198.910,-5591769.546,2979082.911
363,RKPT,2017/05/03,2017123,-691198.911,-5591769.538,2979082.908
366,RKPT,2017/05/04,2017124,-691198.911,-5591769.541,2979082.907
369,RKPT,2017/05/05,2017125,-691198.911,-5591769.538,2979082.906
372,RKPT,2017/05/06,2017126,-691198.910,-5591769.542,2979082.910
375,RKPT,2017/05/07,2017127,-691198.912,-5591769.545,2979082.911
390,RKPT,2017/05/08,2017128,-691198.910,-5591769.537,2979082.907
378,RKPT,2017/05/09,2017129,-691198.911,-5591769.539,2979082.907
382,RKPT,2017/05/10,2017130,-691198.912,-5591769.543,2979082.910
385,RKPT,2017/05/11,2017131,-691198.912,-5591769.546,2979082.910
388,RKPT,2017/05/12,2017132,-691198.913,-5591769.545,2979082.909
393,RKPT,2017/05/13,2017133,-691198.911,-5591769.542,2979082.908
397,RKPT,2017/05/14,2017134,-691198.911,-5591769.539,2979082.909
400,RKPT,2017/05/15,2017135,-691198.911,-5591769.547,2979082.911
403,RKPT,2017/05/16,2017136,-691198.913,-5591769.542,2979082.909
405,RKPT,2017/05/17,2017137,-691198.911,-5591769.541,2979082.908
408,RKPT,2017/05/18,2017138,-691198.912,-5591769.538,2979082.908
410,RKPT,2017/05/19,2017139,-691198.910,-5591769.545,2979082.909
414,RKPT,2017/05/20,2017140,-691198.912,-5591769.547,2979082.911
417,RKPT,2017/05/21,2017141,-691198.909,-5591769.544,2979082.910
469,RKPT,2017/06/15,2017166,-691198.915,-5591769.545,2979082.910
473,RKPT,2017/06/16,2017167,-691198.911,-5591769.538,2979082.907
475,RKPT,2017/06/17,2017168,-691198.912,-5591769.543,2979082.909
479,RKPT,2017/06/18,2017169,-691198.912,-5591769.548,2979082.912
482,RKPT,2017/06/19,2017170,-691198.911,-5591769.541,2979082.908
92,RKPT,2017/06/20,2017171,-691198.911,-5591769.539,2979082.909
96,RKPT,2017/06/21,2017172,-691198.912,-5591769.550,2979082.912
99,RKPT,2017/06/22,2017173,-691198.914,-5591769.547,2979082.910
109,RKPT,2017/06/23,2017174,-691198.912,-5591769.542,2979082.907
114,RKPT,2017/06/24,2017175,-691198.915,-5591769.546,2979082.912
118,RKPT,2017/06/25,2017176,-691198.913,-5591769.527,2979082.902
121,RKPT,2017/06/26,2017177,-691198.912,-5591769.536,2979082.901
516,RKPT,2017/07/18,2017199,-691198.911,-5591769.529,2979082.901
519,RKPT,2017/07/19,2017200,-691198.912,-5591769.539,2979082.906
522,RKPT,2017/07/20,2017201,-691198.914,-5591769.542,2979082.907
525,RKPT,2017/07/21,2017202,-691198.915,-5591769.526,2979082.900
527,RKPT,2017/07/22,2017203,-691198.912,-5591769.536,2979082.906
531,RKPT,2017/07/23,2017204,-691198.914,-5591769.544,2979082.909
535,RKPT,2017/07/24,2017205,-691198.913,-5591769.540,2979082.907
537,RKPT,2017/07/25,2017206,-691198.912,-5591769.542,2979082.910
539,RKPT,2017/07/26,2017207,-691198.913,-5591769.544,2979082.912
543,RKPT,2017/07/27,2017208,-691198.913,-5591769.539,2979082.906
546,RKPT,2017/07/28,2017209,-691198.912,-5591769.537,2979082.905
549,RKPT,2017/07/29,2017210,-691198.913,-5591769.540,2979082.908
552,RKPT,2017/07/30,2017211,-691198.913,-5591769.544,2979082.909
555,RKPT,2017/07/31,2017212,-691198.912,-5591769.548,2979082.913
558,RKPT,2017/08/01,2017213,-691198.913,-5591769.545,2979082.909
561,RKPT,2017/08/02,2017214,-691198.912,-5591769.534,2979082.905
564,RKPT,2017/08/03,2017215,-691198.913,-5591769.537,2979082.908
567,RKPT,2017/08/04,2017216,-691198.915,-5591769.543,2979082.910
569,RKPT,2017/08/05,2017217,-691198.914,-5591769.539,2979082.908
573,RKPT,2017/08/06,2017218,-691198.912,-5591769.532,2979082.902
575,RKPT,2017/08/07,2017219,-691198.912,-5591769.538,2979082.907
579,RKPT,2017/08/08,2017220,-691198.910,-5591769.534,2979082.902
582,RKPT,2017/08/09,2017221,-691198.916,-5591769.539,2979082.910
585,RKPT,2017/08/10,2017222,-691198.912,-5591769.548,2979082.916
588,RKPT,2017/08/11,2017223,-691198.912,-5591769.530,2979082.903
591,RKPT,2017/08/12,2017224,-691198.914,-5591769.536,2979082.906
593,RKPT,2017/08/13,2017225,-691198.913,-5591769.541,2979082.910
596,RKPT,2017/08/14,2017226,-691198.912,-5591769.535,2979082.904
599,RKPT,2017/08/15,2017227,-691198.915,-5591769.543,2979082.908
603,RKPT,2017/08/16,2017228,-691198.914,-5591769.544,2979082.909
607,RKPT,2017/08/17,2017229,-691198.914,-5591769.534,2979082.904
148,RKPT,2017/08/18,2017230,-691198.915,-5591769.541,2979082.910
158,RKPT,2017/08/19,2017231,-691198.913,-5591769.532,2979082.903
168,RKPT,2017/08/20,2017232,-691198.914,-5591769.538,2979082.905
177,RKPT,2017/08/21,2017233,-691198.912,-5591769.532,2979082.902
181,RKPT,2017/08/22,2017234,-691198.913,-5591769.540,2979082.910
612,RKPT,2017/08/23,2017235,-691198.914,-5591769.534,2979082.905
616,RKPT,2017/08/24,2017236,-691198.913,-5591769.536,2979082.905
672,RKPT,2017/09/12,2017255,-691198.918,-5591769.536,2979082.902
676,RKPT,2017/09/13,2017256,-691198.917,-5591769.533,2979082.901
680,RKPT,2017/09/14,2017257,-691198.915,-5591769.541,2979082.904
684,RKPT,2017/09/15,2017258,-691198.916,-5591769.533,2979082.900
688,RKPT,2017/09/16,2017259,-691198.917,-5591769.536,2979082.902
691,RKPT,2017/09/17,2017260,-691198.917,-5591769.534,2979082.903
699,RKPT,2017/09/19,2017262,-691198.917,-5591769.528,2979082.900
703,RKPT,2017/09/20,2017263,-691198.917,-5591769.537,2979082.903
707,RKPT,2017/09/21,2017264,-691198.916,-5591769.541,2979082.905
711,RKPT,2017/09/22,2017265,-691198.921,-5591769.547,2979082.906
714,RKPT,2017/09/23,2017266,-691198.913,-5591769.522,2979082.894
719,RKPT,2017/09/24,2017267,-691198.921,-5591769.541,2979082.910
723,RKPT,2017/09/25,2017268,-691198.918,-5591769.548,2979082.911
728,RKPT,2017/09/26,2017269,-691198.916,-5591769.534,2979082.902
731,RKPT,2017/09/27,2017270,-691198.918,-5591769.546,2979082.909
735,RKPT,2017/09/28,2017271,-691198.918,-5591769.526,2979082.899
739,RKPT,2017/09/29,2017272,-691198.919,-5591769.539,2979082.905
744,RKPT,2017/09/30,2017273,-691198.918,-5591769.532,2979082.900
194,RKPT,2017/10/01,2017274,-691198.919,-5591769.536,2979082.902
201,RKPT,2017/10/02,2017275,-691198.917,-5591769.534,2979082.903
209,RKPT,2017/10/03,2017276,-691198.915,-5591769.536,2979082.906
216,RKPT,2017/10/04,2017277,-691198.919,-5591769.547,2979082.913
224,RKPT,2017/10/05,2017278,-691198.919,-5591769.533,2979082.901
998,RKPT,2017/10/06,2017279,-691198.916,-5591769.534,2979082.902
751,RKPT,2017/10/07,2017280,-691198.916,-5591769.540,2979082.903
755,RKPT,2017/10/08,2017281,-691198.917,-5591769.541,2979082.907
759,RKPT,2017/10/09,2017282,-691198.918,-5591769.533,2979082.900
763,RKPT,2017/10/10,2017283,-691198.918,-5591769.524,2979082.897
767,RKPT,2017/10/11,2017284,-691198.916,-5591769.530,2979082.899
772,RKPT,2017/10/12,2017285,-691198.917,-5591769.531,2979082.899
776,RKPT,2017/10/13,2017286,-691198.918,-5591769.534,2979082.900
779,RKPT,2017/10/14,2017287,-691198.919,-5591769.536,2979082.903
781,RKPT,2017/10/15,2017288,-691198.918,-5591769.531,2979082.901
784,RKPT,2017/10/16,2017289,-691198.918,-5591769.532,2979082.900
787,RKPT,2017/10/17,2017290,-691198.918,-5591769.535,2979082.901
790,RKPT,2017/10/18,2017291,-691198.919,-5591769.535,2979082.901
794,RKPT,2017/10/19,2017292,-691198.921,-5591769.541,2979082.906
797,RKPT,2017/10/20,2017293,-691198.918,-5591769.537,2979082.900
800,RKPT,2017/10/21,2017294,-691198.917,-5591769.532,2979082.900
803,RKPT,2017/10/22,2017295,-691198.919,-5591769.538,2979082.902
806,RKPT,2017/10/23,2017296,-691198.919,-5591769.534,2979082.899
809,RKPT,2017/10/24,2017297,-691198.919,-5591769.536,2979082.901
812,RKPT,2017/10/25,2017298,-691198.919,-5591769.537,2979082.901
815,RKPT,2017/10/26,2017299,-691198.918,-5591769.536,2979082.901
818,RKPT,2017/10/27,2017300,-691198.918,-5591769.535,2979082.901
821,RKPT,2017/10/28,2017301,-691198.918,-5591769.533,2979082.900
824,RKPT,2017/10/29,2017302,-691198.918,-5591769.535,2979082.901
827,RKPT,2017/10/30,2017303,-691198.919,-5591769.535,2979082.902
830,RKPT,2017/10/31,2017304,-691198.918,-5591769.541,2979082.907
833,RKPT,2017/11/01,2017305,-691198.917,-5591769.531,2979082.900
836,RKPT,2017/11/02,2017306,-691198.919,-5591769.537,2979082.901
839,RKPT,2017/11/03,2017307,-691198.918,-5591769.538,2979082.902
842,RKPT,2017/11/04,2017308,-691198.918,-5591769.537,2979082.901
845,RKPT,2017/11/05,2017309,-691198.919,-5591769.536,2979082.902
847,RKPT,2017/11/06,2017310,-691198.917,-5591769.532,2979082.900
851,RKPT,2017/11/07,2017311,-691198.918,-5591769.537,2979082.901
854,RKPT,2017/11/08,2017312,-691198.919,-5591769.539,2979082.902
857,RKPT,2017/11/09,2017313,-691198.919,-5591769.537,2979082.902
860,RKPT,2017/11/10,2017314,-691198.918,-5591769.533,2979082.900
863,RKPT,2017/11/11,2017315,-691198.919,-5591769.532,2979082.900
866,RKPT,2017/11/12,2017316,-691198.920,-5591769.541,2979082.903
869,RKPT,2017/11/13,2017317,-691198.918,-5591769.532,2979082.900
872,RKPT,2017/11/14,2017318,-691198.919,-5591769.533,2979082.900
875,RKPT,2017/11/15,2017319,-691198.920,-5591769.542,2979082.906
877,RKPT,2017/11/16,2017320,-691198.918,-5591769.531,2979082.900
881,RKPT,2017/11/17,2017321,-691198.919,-5591769.539,2979082.903
884,RKPT,2017/11/18,2017322,-691198.917,-5591769.531,2979082.899
228,RKPT,2017/11/19,2017323,-691198.918,-5591769.534,2979082.901
237,RKPT,2017/11/20,2017324,-691198.920,-5591769.536,2979082.901
241,RKPT,2017/11/21,2017325,-691198.919,-5591769.531,2979082.899
245,RKPT,2017/11/22,2017326,-691198.919,-5591769.534,2979082.899
248,RKPT,2017/11/23,2017327,-691198.919,-5591769.531,2979082.899
255,RKPT,2017/11/24,2017328,-691198.920,-5591769.536,2979082.902
259,RKPT,2017/11/25,2017329,-691198.919,-5591769.531,2979082.901
264,RKPT,2017/11/26,2017330,-691198.919,-5591769.530,2979082.898
269,RKPT,2017/11/27,2017331,-691198.920,-5591769.533,2979082.901
886,RKPT,2017/11/28,2017332,-691198.919,-5591769.534,2979082.900
890,RKPT,2017/11/29,2017333,-691198.921,-5591769.537,2979082.902
894,RKPT,2017/11/30,2017334,-691198.920,-5591769.532,2979082.899
898,RKPT,2017/12/01,2017335,-691198.920,-5591769.531,2979082.900
901,RKPT,2017/12/02,2017336,-691198.920,-5591769.533,2979082.899
905,RKPT,2017/12/03,2017337,-691198.919,-5591769.532,2979082.900
908,RKPT,2017/12/04,2017338,-691198.920,-5591769.543,2979082.904
911,RKPT,2017/12/05,2017339,-691198.919,-5591769.541,2979082.906
914,RKPT,2017/12/06,2017340,-691198.919,-5591769.541,2979082.903
916,RKPT,2017/12/07,2017341,-691198.918,-5591769.533,2979082.902
920,RKPT,2017/12/08,2017342,-691198.920,-5591769.556,2979082.908
923,RKPT,2017/12/09,2017343,-691198.919,-5591769.533,2979082.901
926,RKPT,2017/12/10,2017344,-691198.919,-5591769.534,2979082.902
929,RKPT,2017/12/11,2017345,-691198.920,-5591769.539,2979082.906
931,RKPT,2017/12/12,2017346,-691198.920,-5591769.533,2979082.901
935,RKPT,2017/12/13,2017347,-691198.919,-5591769.535,2979082.901
937,RKPT,2017/12/14,2017348,-691198.919,-5591769.531,2979082.899
941,RKPT,2017/12/15,2017349,-691198.921,-5591769.538,2979082.905
956,RKPT,2017/12/16,2017350,-691198.920,-5591769.532,2979082.902
946,RKPT,2017/12/17,2017351,-691198.920,-5591769.528,2979082.897
949,RKPT,2017/12/18,2017352,-691198.920,-5591769.534,2979082.901
951,RKPT,2017/12/19,2017353,-691198.919,-5591769.531,2979082.900
955,RKPT,2017/12/20,2017354,-691198.918,-5591769.529,2979082.898
959,RKPT,2017/12/21,2017355,-691198.920,-5591769.539,2979082.905
962,RKPT,2017/12/22,2017356,-691198.920,-5591769.533,2979082.900
965,RKPT,2017/12/23,2017357,-691198.920,-5591769.535,2979082.903
968,RKPT,2017/12/24,2017358,-691198.921,-5591769.537,2979082.906
971,RKPT,2017/12/25,2017359,-691198.919,-5591769.531,2979082.901
974,RKPT,2017/12/26,2017360,-691198.920,-5591769.530,2979082.900
977,RKPT,2017/12/27,2017361,-691198.920,-5591769.534,2979082.900
982,RKPT,2017/12/28,2017362,-691198.920,-5591769.534,2979082.901
986,RKPT,2017/12/29,2017363,-691198.920,-5591769.532,2979082.900
989,RKPT,2017/12/30,2017364,-691198.920,-5591769.535,2979082.902
992,RKPT,2017/12/31,2017365,-691198.920,-5591769.534,2979082.901
0,RKPT,2018/01/01,2018001,-691198.919,-5591769.534,2979082.903
3,RKPT,2018/01/02,2018002,-691198.919,-5591769.534,2979082.901
5,RKPT,2018/01/03,2018003,-691198.921,-5591769.536,2979082.902
8,RKPT,2018/01/04,2018004,-691198.920,-5591769.534,2979082.901
11,RKPT,2018/01/05,2018005,-691198.919,-5591769.533,2979082.904
13,RKPT,2018/01/06,2018006,-691198.920,-5591769.532,2979082.900
15,RKPT,2018/01/07,2018007,-691198.921,-5591769.536,2979082.903
18,RKPT,2018/01/08,2018008,-691198.921,-5591769.532,2979082.901
21,RKPT,2018/01/09,2018009,-691198.920,-5591769.532,2979082.901
24,RKPT,2018/01/10,2018010,-691198.920,-5591769.535,2979082.902
32,RKPT,2018/01/11,2018011,-691198.922,-5591769.538,2979082.903
28,RKPT,2018/01/12,2018012,-691198.921,-5591769.536,2979082.902
41,RKPT,2018/01/13,2018013,-691198.921,-5591769.536,2979082.904
45,RKPT,2018/01/14,2018014,-691198.920,-5591769.532,2979082.901
48,RKPT,2018/01/15,2018015,-691198.921,-5591769.533,2979082.900
50,RKPT,2018/01/16,2018016,-691198.919,-5591769.530,2979082.899
53,RKPT,2018/01/17,2018017,-691198.920,-5591769.534,2979082.902
56,RKPT,2018/01/18,2018018,-691198.920,-5591769.532,2979082.901
62,RKPT,2018/01/19,2018019,-691198.920,-5591769.534,2979082.902
66,RKPT,2018/01/20,2018020,-691198.922,-5591769.537,2979082.904
80,RKPT,2018/01/21,2018021,-691198.921,-5591769.530,2979082.901
64,RKPT,2018/04/27,2018117,-691198.924,-5591769.543,2979082.906
600,RKPT,2018/08/15,2018227,-691198.928,-5591769.529,2979082.899
604,RKPT,2018/08/16,2018228,-691198.927,-5591769.533,2979082.899
608,RKPT,2018/08/17,2018229,-691198.927,-5591769.532,2979082.899
150,RKPT,2018/08/18,2018230,-691198.927,-5591769.535,2979082.901
165,RKPT,2018/08/19,2018231,-691198.927,-5591769.532,2979082.899
173,RKPT,2018/08/20,2018232,-691198.928,-5591769.534,2979082.898
178,RKPT,2018/08/21,2018233,-691198.927,-5591769.531,2979082.898
184,RKPT,2018/08/22,2018234,-691198.926,-5591769.535,2979082.899
613,RKPT,2018/08/23,2018235,-691198.926,-5591769.525,2979082.896
617,RKPT,2018/08/24,2018236,-691198.928,-5591769.533,2979082.900
620,RKPT,2018/08/25,2018237,-691198.924,-5591769.529,2979082.897
623,RKPT,2018/08/26,2018238,-691198.927,-5591769.534,2979082.899
626,RKPT,2018/08/27,2018239,-691198.926,-5591769.522,2979082.894
629,RKPT,2018/08/28,2018240,-691198.928,-5591769.541,2979082.903
633,RKPT,2018/08/29,2018241,-691198.929,-5591769.531,2979082.899
635,RKPT,2018/08/30,2018242,-691198.930,-5591769.541,2979082.906
638,RKPT,2018/08/31,2018243,-691198.927,-5591769.537,2979082.903
641,RKPT,2018/09/01,2018244,-691198.930,-5591769.530,2979082.898
646,RKPT,2018/09/02,2018245,-691198.925,-5591769.529,2979082.893
644,RKPT,2018/09/03,2018246,-691198.928,-5591769.534,2979082.902
648,RKPT,2018/09/04,2018247,-691198.932,-5591769.528,2979082.896
652,RKPT,2018/09/05,2018248,-691198.925,-5591769.530,2979082.899
654,RKPT,2018/09/06,2018249,-691198.928,-5591769.541,2979082.904
657,RKPT,2018/09/07,2018250,-691198.927,-5591769.532,2979082.901
660,RKPT,2018/09/08,2018251,-691198.926,-5591769.530,2979082.902
663,RKPT,2018/09/09,2018252,-691198.933,-5591769.546,2979082.907
666,RKPT,2018/09/10,2018253,-691198.931,-5591769.533,2979082.905
669,RKPT,2018/09/11,2018254,-691198.927,-5591769.535,2979082.900
673,RKPT,2018/09/12,2018255,-691198.930,-5591769.533,2979082.899
677,RKPT,2018/09/13,2018256,-691198.927,-5591769.535,2979082.904
681,RKPT,2018/09/14,2018257,-691198.929,-5591769.542,2979082.901
685,RKPT,2018/09/15,2018258,-691198.926,-5591769.516,2979082.893
689,RKPT,2018/09/16,2018259,-691198.922,-5591769.536,2979082.904
692,RKPT,2018/09/17,2018260,-691198.927,-5591769.535,2979082.900
696,RKPT,2018/09/18,2018261,-691198.926,-5591769.530,2979082.899
700,RKPT,2018/09/19,2018262,-691198.928,-5591769.534,2979082.899
704,RKPT,2018/09/20,2018263,-691198.927,-5591769.535,2979082.901
708,RKPT,2018/09/21,2018264,-691198.926,-5591769.530,2979082.897
712,RKPT,2018/09/22,2018265,-691198.926,-5591769.534,2979082.900
716,RKPT,2018/09/23,2018266,-691198.929,-5591769.529,2979082.897
720,RKPT,2018/09/24,2018267,-691198.929,-5591769.536,2979082.902
724,RKPT,2018/09/25,2018268,-691198.927,-5591769.535,2979082.900
727,RKPT,2018/09/26,2018269,-691198.927,-5591769.541,2979082.902
732,RKPT,2018/09/27,2018270,-691198.930,-5591769.535,2979082.901
736,RKPT,2018/09/28,2018271,-691198.927,-5591769.529,2979082.898
740,RKPT,2018/09/29,2018272,-691198.926,-5591769.540,2979082.902
743,RKPT,2018/09/30,2018273,-691198.928,-5591769.532,2979082.897
196,RKPT,2018/10/01,2018274,-691198.930,-5591769.527,2979082.896
203,RKPT,2018/10/02,2018275,-691198.928,-5591769.530,2979082.897
210,RKPT,2018/10/03,2018276,-691198.927,-5591769.530,2979082.901
217,RKPT,2018/10/04,2018277,-691198.927,-5591769.535,2979082.901
748,RKPT,2018/10/05,2018278,-691198.928,-5591769.530,2979082.897
746,RKPT,2018/10/06,2018279,-691198.930,-5591769.529,2979082.896
752,RKPT,2018/10/07,2018280,-691198.926,-5591769.532,2979082.901
756,RKPT,2018/10/08,2018281,-691198.929,-5591769.532,2979082.902
760,RKPT,2018/10/09,2018282,-691198.930,-5591769.536,2979082.903
765,RKPT,2018/10/10,2018283,-691198.930,-5591769.535,2979082.904
768,RKPT,2018/10/11,2018284,-691198.927,-5591769.530,2979082.896
773,RKPT,2018/10/12,2018285,-691198.927,-5591769.529,2979082.898
777,RKPT,2018/10/13,2018286,-691198.928,-5591769.537,2979082.902
780,RKPT,2018/10/14,2018287,-691198.927,-5591769.526,2979082.896
783,RKPT,2018/10/15,2018288,-691198.928,-5591769.531,2979082.899
785,RKPT,2018/10/16,2018289,-691198.928,-5591769.534,2979082.898
788,RKPT,2018/10/17,2018290,-691198.928,-5591769.530,2979082.898
791,RKPT,2018/10/18,2018291,-691198.928,-5591769.528,2979082.898
795,RKPT,2018/10/19,2018292,-691198.929,-5591769.540,2979082.904
798,RKPT,2018/10/20,2018293,-691198.929,-5591769.537,2979082.901
801,RKPT,2018/10/21,2018294,-691198.929,-5591769.530,2979082.897
805,RKPT,2018/10/22,2018295,-691198.929,-5591769.533,2979082.898
807,RKPT,2018/10/23,2018296,-691198.929,-5591769.532,2979082.897
810,RKPT,2018/10/24,2018297,-691198.928,-5591769.536,2979082.899
813,RKPT,2018/10/25,2018298,-691198.930,-5591769.531,2979082.896
816,RKPT,2018/10/26,2018299,-691198.929,-5591769.531,2979082.899
819,RKPT,2018/10/27,2018300,-691198.929,-5591769.529,2979082.895
822,RKPT,2018/10/28,2018301,-691198.929,-5591769.532,2979082.897
825,RKPT,2018/10/29,2018302,-691198.928,-5591769.529,2979082.895
828,RKPT,2018/10/30,2018303,-691198.929,-5591769.536,2979082.898
831,RKPT,2018/10/31,2018304,-691198.929,-5591769.534,2979082.898
834,RKPT,2018/11/01,2018305,-691198.930,-5591769.531,2979082.897
837,RKPT,2018/11/02,2018306,-691198.928,-5591769.531,2979082.898
840,RKPT,2018/11/03,2018307,-691198.929,-5591769.532,2979082.898
843,RKPT,2018/11/04,2018308,-691198.929,-5591769.533,2979082.897
846,RKPT,2018/11/05,2018309,-691198.930,-5591769.535,2979082.900
849,RKPT,2018/11/06,2018310,-691198.929,-5591769.534,2979082.898
852,RKPT,2018/11/07,2018311,-691198.929,-5591769.527,2979082.893
855,RKPT,2018/11/08,2018312,-691198.930,-5591769.531,2979082.896
858,RKPT,2018/11/09,2018313,-691198.929,-5591769.526,2979082.896
861,RKPT,2018/11/10,2018314,-691198.931,-5591769.527,2979082.895
864,RKPT,2018/11/11,2018315,-691198.930,-5591769.532,2979082.899
867,RKPT,2018/11/12,2018316,-691198.929,-5591769.527,2979082.895
870,RKPT,2018/11/13,2018317,-691198.928,-5591769.530,2979082.898
873,RKPT,2018/11/14,2018318,-691198.930,-5591769.530,2979082.896
876,RKPT,2018/11/15,2018319,-691198.929,-5591769.530,2979082.898
879,RKPT,2018/11/16,2018320,-691198.930,-5591769.529,2979082.896
882,RKPT,2018/11/17,2018321,-691198.930,-5591769.536,2979082.902
226,RKPT,2018/11/18,2018322,-691198.927,-5591769.527,2979082.898
240,RKPT,2018/11/19,2018323,-691198.931,-5591769.527,2979082.894
236,RKPT,2018/11/20,2018324,-691198.930,-5591769.529,2979082.897
242,RKPT,2018/11/21,2018325,-691198.930,-5591769.530,2979082.897
246,RKPT,2018/11/22,2018326,-691198.930,-5591769.530,2979082.897
249,RKPT,2018/11/23,2018327,-691198.930,-5591769.527,2979082.896
257,RKPT,2018/11/24,2018328,-691198.930,-5591769.531,2979082.897
260,RKPT,2018/11/25,2018329,-691198.931,-5591769.535,2979082.899
266,RKPT,2018/11/26,2018330,-691198.929,-5591769.529,2979082.896
270,RKPT,2018/11/27,2018331,-691198.931,-5591769.528,2979082.896
887,RKPT,2018/11/28,2018332,-691198.930,-5591769.530,2979082.897
891,RKPT,2018/11/29,2018333,-691198.930,-5591769.530,2979082.896
895,RKPT,2018/11/30,2018334,-691198.931,-5591769.531,2979082.897
899,RKPT,2018/12/01,2018335,-691198.931,-5591769.532,2979082.898
903,RKPT,2018/12/02,2018336,-691198.931,-5591769.533,2979082.898
906,RKPT,2018/12/03,2018337,-691198.930,-5591769.527,2979082.895
909,RKPT,2018/12/04,2018338,-691198.930,-5591769.532,2979082.898
912,RKPT,2018/12/05,2018339,-691198.931,-5591769.531,2979082.897
915,RKPT,2018/12/06,2018340,-691198.930,-5591769.529,2979082.897
918,RKPT,2018/12/07,2018341,-691198.930,-5591769.536,2979082.902
921,RKPT,2018/12/08,2018342,-691198.930,-5591769.529,2979082.897
924,RKPT,2018/12/09,2018343,-691198.930,-5591769.530,2979082.898
927,RKPT,2018/12/10,2018344,-691198.931,-5591769.530,2979082.899
930,RKPT,2018/12/11,2018345,-691198.931,-5591769.532,2979082.898
933,RKPT,2018/12/12,2018346,-691198.932,-5591769.534,2979082.899
936,RKPT,2018/12/13,2018347,-691198.931,-5591769.526,2979082.894
939,RKPT,2018/12/14,2018348,-691198.931,-5591769.532,2979082.897
942,RKPT,2018/12/15,2018349,-691198.932,-5591769.533,2979082.899
944,RKPT,2018/12/16,2018350,-691198.931,-5591769.530,2979082.897
947,RKPT,2018/12/17,2018351,-691198.934,-5591769.541,2979082.903
950,RKPT,2018/12/18,2018352,-691198.931,-5591769.532,2979082.899
953,RKPT,2018/12/19,2018353,-691198.932,-5591769.532,2979082.898
957,RKPT,2018/12/20,2018354,-691198.930,-5591769.527,2979082.896
961,RKPT,2018/12/21,2018355,-691198.931,-5591769.532,2979082.898
963,RKPT,2018/12/22,2018356,-691198.932,-5591769.533,2979082.897
966,RKPT,2018/12/23,2018357,-691198.932,-5591769.536,2979082.899
969,RKPT,2018/12/24,2018358,-691198.932,-5591769.532,2979082.899
972,RKPT,2018/12/25,2018359,-691198.931,-5591769.531,2979082.898
975,RKPT,2018/12/26,2018360,-691198.931,-5591769.530,2979082.898
980,RKPT,2018/12/27,2018361,-691198.932,-5591769.534,2979082.900
983,RKPT,2018/12/28,2018362,-691198.932,-5591769.532,2979082.897
987,RKPT,2018/12/29,2018363,-691198.931,-5591769.530,2979082.897
990,RKPT,2018/12/30,2018364,-691198.932,-5591769.531,2979082.899
994,RKPT,2018/12/31,2018365,-691198.932,-5591769.536,2979082.901
1,RKPT,2019/01/01,2019001,-691198.932,-5591769.531,2979082.898
7,RKPT,2019/01/03,2019003,-691198.933,-5591769.533,2979082.898
9,RKPT,2019/01/04,2019004,-691198.932,-5591769.532,2979082.897
10,RKPT,2019/01/05,2019005,-691198.931,-5591769.530,2979082.898
14,RKPT,2019/01/06,2019006,-691198.932,-5591769.533,2979082.898
396,RKPT,2019/01/07,2019007,-691198.931,-5591769.530,2979082.897
19,RKPT,2019/01/08,2019008,-691198.932,-5591769.535,2979082.900
22,RKPT,2019/01/09,2019009,-691198.932,-5591769.529,2979082.897
25,RKPT,2019/01/10,2019010,-691198.932,-5591769.529,2979082.896
26,RKPT,2019/01/11,2019011,-691198.932,-5591769.531,2979082.898
43,RKPT,2019/01/13,2019013,-691198.933,-5591769.529,2979082.896
46,RKPT,2019/01/14,2019014,-691198.932,-5591769.535,2979082.900
49,RKPT,2019/01/15,2019015,-691198.932,-5591769.532,2979082.899
51,RKPT,2019/01/16,2019016,-691198.933,-5591769.534,2979082.900
54,RKPT,2019/01/17,2019017,-691198.932,-5591769.531,2979082.897
59,RKPT,2019/01/18,2019018,-691198.932,-5591769.531,2979082.896
63,RKPT,2019/01/19,2019019,-691198.932,-5591769.534,2979082.899
71,RKPT,2019/01/20,2019020,-691198.932,-5591769.532,2979082.897
81,RKPT,2019/01/21,2019021,-691198.932,-5591769.532,2979082.898
84,RKPT,2019/01/22,2019022,-691198.933,-5591769.533,2979082.898
86,RKPT,2019/01/23,2019023,-691198.931,-5591769.538,2979082.902
89,RKPT,2019/01/24,2019024,-691198.933,-5591769.533,2979082.898
93,RKPT,2019/01/25,2019025,-691198.933,-5591769.533,2979082.899
101,RKPT,2019/01/26,2019026,-691198.932,-5591769.534,2979082.900
104,RKPT,2019/01/27,2019027,-691198.933,-5591769.532,2979082.898
106,RKPT,2019/01/28,2019028,-691198.933,-5591769.537,2979082.902
110,RKPT,2019/01/29,2019029,-691198.933,-5591769.531,2979082.897
116,RKPT,2019/01/30,2019030,-691198.933,-5591769.531,2979082.896
124,RKPT,2019/01/31,2019031,-691198.932,-5591769.535,2979082.899
127,RKPT,2019/02/01,2019032,-691198.933,-5591769.529,2979082.897
129,RKPT,2019/02/02,2019033,-691198.934,-5591769.535,2979082.898
133,RKPT,2019/02/03,2019034,-691198.933,-5591769.530,2979082.896
139,RKPT,2019/02/04,2019035,-691198.934,-5591769.533,2979082.898
147,RKPT,2019/02/05,2019036,-691198.934,-5591769.535,2979082.899
151,RKPT,2019/02/06,2019037,-691198.932,-5591769.534,2979082.900
154,RKPT,2019/02/07,2019038,-691198.933,-5591769.540,2979082.902
156,RKPT,2019/02/08,2019039,-691198.934,-5591769.531,2979082.899
160,RKPT,2019/02/09,2019040,-691198.934,-5591769.539,2979082.901
162,RKPT,2019/02/10,2019041,-691198.933,-5591769.538,2979082.902
164,RKPT,2019/02/11,2019042,-691198.934,-5591769.534,2979082.898
170,RKPT,2019/02/12,2019043,-691198.933,-5591769.531,2979082.896
172,RKPT,2019/02/13,2019044,-691198.933,-5591769.531,2979082.898
179,RKPT,2019/02/14,2019045,-691198.934,-5591769.534,2979082.898
185,RKPT,2019/02/15,2019046,-691198.933,-5591769.531,2979082.898
187,RKPT,2019/02/16,2019047,-691198.933,-5591769.529,2979082.895
189,RKPT,2019/02/17,2019048,-691198.933,-5591769.531,2979082.896
192,RKPT,2019/02/18,2019049,-691198.933,-5591769.528,2979082.897
195,RKPT,2019/02/19,2019050,-691198.934,-5591769.532,2979082.897
200,RKPT,2019/02/20,2019051,-691198.934,-5591769.532,2979082.896
204,RKPT,2019/02/21,2019052,-691198.934,-5591769.531,2979082.896
208,RKPT,2019/02/22,2019053,-691198.933,-5591769.530,2979082.896
29,RKPT,2019/02/23,2019054,-691198.933,-5591769.531,2979082.898
34,RKPT,2019/02/24,2019055,-691198.933,-5591769.530,2979082.897
36,RKPT,2019/02/25,2019056,-691198.935,-5591769.537,2979082.899
38,RKPT,2019/02/26,2019057,-691198.934,-5591769.535,2979082.899
40,RKPT,2019/02/27,2019058,-691198.935,-5591769.535,2979082.898
491,RKPT,2019/02/28,2019059,-691198.935,-5591769.537,2979082.898
215,RKPT,2019/03/01,2019060,-691198.934,-5591769.530,2979082.895
220,RKPT,2019/03/02,2019061,-691198.935,-5591769.532,2979082.896
222,RKPT,2019/03/03,2019062,-691198.933,-5591769.535,2979082.900
229,RKPT,2019/03/04,2019063,-691198.934,-5591769.533,2979082.897
231,RKPT,2019/03/05,2019064,-691198.934,-5591769.538,2979082.903
233,RKPT,2019/03/06,2019065,-691198.934,-5591769.530,2979082.896
239,RKPT,2019/03/07,2019066,-691198.935,-5591769.532,2979082.898
250,RKPT,2019/03/08,2019067,-691198.934,-5591769.532,2979082.897
252,RKPT,2019/03/09,2019068,-691198.934,-5591769.530,2979082.897
256,RKPT,2019/03/10,2019069,-691198.935,-5591769.533,2979082.897
262,RKPT,2019/03/11,2019070,-691198.935,-5591769.531,2979082.896
272,RKPT,2019/03/12,2019071,-691198.934,-5591769.531,2979082.896
274,RKPT,2019/03/13,2019072,-691198.934,-5591769.534,2979082.898
277,RKPT,2019/03/14,2019073,-691198.936,-5591769.536,2979082.900
279,RKPT,2019/03/15,2019074,-691198.934,-5591769.533,2979082.898
281,RKPT,2019/03/16,2019075,-691198.934,-5591769.541,2979082.902
283,RKPT,2019/03/17,2019076,-691198.934,-5591769.534,2979082.897
285,RKPT,2019/03/18,2019077,-691198.934,-5591769.531,2979082.897
287,RKPT,2019/03/19,2019078,-691198.935,-5591769.532,2979082.898
289,RKPT,2019/03/20,2019079,-691198.934,-5591769.531,2979082.897
292,RKPT,2019/03/21,2019080,-691198.935,-5591769.533,2979082.896
291,RKPT,2019/03/22,2019081,-691198.937,-5591769.534,2979082.896
295,RKPT,2019/03/23,2019082,-691198.934,-5591769.530,2979082.895
297,RKPT,2019/03/24,2019083,-691198.935,-5591769.532,2979082.896
298,RKPT,2019/03/25,2019084,-691198.934,-5591769.531,2979082.896
301,RKPT,2019/03/26,2019085,-691198.934,-5591769.530,2979082.895
304,RKPT,2019/03/27,2019086,-691198.934,-5591769.535,2979082.897
305,RKPT,2019/03/28,2019087,-691198.934,-5591769.536,2979082.897
307,RKPT,2019/03/29,2019088,-691198.935,-5591769.531,2979082.896
309,RKPT,2019/03/30,2019089,-691198.935,-5591769.530,2979082.896
312,RKPT,2019/03/31,2019090,-691198.934,-5591769.541,2979082.904
313,RKPT,2019/04/01,2019091,-691198.936,-5591769.533,2979082.897
315,RKPT,2019/04/02,2019092,-691198.936,-5591769.529,2979082.896
317,RKPT,2019/04/03,2019093,-691198.935,-5591769.532,2979082.897
319,RKPT,2019/04/04,2019094,-691198.935,-5591769.530,2979082.897
321,RKPT,2019/04/05,2019095,-691198.935,-5591769.533,2979082.897
324,RKPT,2019/04/06,2019096,-691198.935,-5591769.531,2979082.896
323,RKPT,2019/04/07,2019097,-691198.937,-5591769.545,2979082.903
327,RKPT,2019/04/08,2019098,-691198.936,-5591769.535,2979082.898
329,RKPT,2019/04/09,2019099,-691198.935,-5591769.533,2979082.899
331,RKPT,2019/04/10,2019100,-691198.936,-5591769.534,2979082.898
332,RKPT,2019/04/11,2019101,-691198.934,-5591769.534,2979082.898
334,RKPT,2019/04/12,2019102,-691198.935,-5591769.534,2979082.898
336,RKPT,2019/04/13,2019103,-691198.935,-5591769.531,2979082.897
337,RKPT,2019/04/14,2019104,-691198.936,-5591769.532,2979082.897
340,RKPT,2019/04/15,2019105,-691198.936,-5591769.532,2979082.897
342,RKPT,2019/04/16,2019106,-691198.935,-5591769.532,2979082.897
344,RKPT,2019/04/17,2019107,-691198.936,-5591769.537,2979082.901
346,RKPT,2019/04/18,2019108,-691198.938,-5591769.535,2979082.899
347,RKPT,2019/04/19,2019109,-691198.935,-5591769.533,2979082.898
350,RKPT,2019/04/20,2019110,-691198.936,-5591769.531,2979082.897
352,RKPT,2019/04/21,2019111,-691198.934,-5591769.531,2979082.898
354,RKPT,2019/04/22,2019112,-691198.936,-5591769.533,2979082.896
356,RKPT,2019/04/23,2019113,-691198.935,-5591769.533,2979082.901
979,RKPT,2019/04/24,2019114,-691198.935,-5591769.533,2979082.900
358,RKPT,2019/04/25,2019115,-691198.937,-5591769.528,2979082.897
58,RKPT,2019/04/26,2019116,-691198.936,-5591769.532,2979082.898
67,RKPT,2019/04/27,2019117,-691198.935,-5591769.530,2979082.896
70,RKPT,2019/04/28,2019118,-691198.936,-5591769.537,2979082.900
73,RKPT,2019/04/29,2019119,-691198.936,-5591769.538,2979082.901
77,RKPT,2019/04/30,2019120,-691198.936,-5591769.534,2979082.897
87,RKPT,2019/05/01,2019121,-691198.936,-5591769.533,2979082.899
361,RKPT,2019/05/02,2019122,-691198.937,-5591769.533,2979082.898
365,RKPT,2019/05/03,2019123,-691198.937,-5591769.530,2979082.896
367,RKPT,2019/05/04,2019124,-691198.935,-5591769.535,2979082.900
370,RKPT,2019/05/05,2019125,-691198.937,-5591769.533,2979082.897
373,RKPT,2019/05/06,2019126,-691198.933,-5591769.527,2979082.897
376,RKPT,2019/05/07,2019127,-691198.936,-5591769.532,2979082.898
377,RKPT,2019/05/08,2019128,-691198.936,-5591769.527,2979082.895
381,RKPT,2019/05/09,2019129,-691198.936,-5591769.528,2979082.896
383,RKPT,2019/05/10,2019130,-691198.936,-5591769.533,2979082.899
386,RKPT,2019/05/11,2019131,-691198.934,-5591769.525,2979082.896
389,RKPT,2019/05/12,2019132,-691198.936,-5591769.529,2979082.897
394,RKPT,2019/05/13,2019133,-691198.936,-5591769.529,2979082.895
399,RKPT,2019/05/14,2019134,-691198.936,-5591769.528,2979082.896
401,RKPT,2019/05/15,2019135,-691198.936,-5591769.529,2979082.894
404,RKPT,2019/05/16,2019136,-691198.938,-5591769.536,2979082.898
406,RKPT,2019/05/17,2019137,-691198.936,-5591769.528,2979082.895
409,RKPT,2019/05/18,2019138,-691198.936,-5591769.529,2979082.897
412,RKPT,2019/05/19,2019139,-691198.936,-5591769.530,2979082.896
416,RKPT,2019/05/20,2019140,-691198.935,-5591769.529,2979082.894
419,RKPT,2019/05/21,2019141,-691198.936,-5591769.535,2979082.897
431,RKPT,2019/05/22,2019142,-691198.935,-5591769.528,2979082.894
422,RKPT,2019/05/23,2019143,-691198.936,-5591769.529,2979082.895
424,RKPT,2019/05/24,2019144,-691198.937,-5591769.530,2979082.896
429,RKPT,2019/05/25,2019145,-691198.937,-5591769.538,2979082.901
426,RKPT,2019/05/26,2019146,-691198.935,-5591769.530,2979082.896
430,RKPT,2019/05/27,2019147,-691198.937,-5591769.533,2979082.899
433,RKPT,2019/05/28,2019148,-691198.936,-5591769.525,2979082.895
435,RKPT,2019/05/29,2019149,-691198.936,-5591769.528,2979082.895
437,RKPT,2019/05/30,2019150,-691198.939,-5591769.533,2979082.899
439,RKPT,2019/05/31,2019151,-691198.936,-5591769.528,2979082.894
441,RKPT,2019/06/01,2019152,-691198.938,-5591769.530,2979082.894
443,RKPT,2019/06/02,2019153,-691198.934,-5591769.529,2979082.896
445,RKPT,2019/06/03,2019154,-691198.937,-5591769.522,2979082.893
448,RKPT,2019/06/04,2019155,-691198.935,-5591769.523,2979082.895
450,RKPT,2019/06/05,2019156,-691198.934,-5591769.533,2979082.897
451,RKPT,2019/06/06,2019157,-691198.937,-5591769.540,2979082.903
453,RKPT,2019/06/07,2019158,-691198.936,-5591769.529,2979082.899
455,RKPT,2019/06/08,2019159,-691198.937,-5591769.532,2979082.898
457,RKPT,2019/06/09,2019160,-691198.936,-5591769.531,2979082.897
459,RKPT,2019/06/10,2019161,-691198.937,-5591769.538,2979082.903
461,RKPT,2019/06/11,2019162,-691198.936,-5591769.532,2979082.898
464,RKPT,2019/06/12,2019163,-691198.935,-5591769.525,2979082.894
465,RKPT,2019/06/13,2019164,-691198.937,-5591769.529,2979082.895
468,RKPT,2019/06/14,2019165,-691198.936,-5591769.528,2979082.895
471,RKPT,2019/06/15,2019166,-691198.935,-5591769.526,2979082.895
474,RKPT,2019/06/16,2019167,-691198.935,-5591769.535,2979082.899
477,RKPT,2019/06/17,2019168,-691198.935,-5591769.528,2979082.899
480,RKPT,2019/06/18,2019169,-691198.934,-5591769.531,2979082.899
483,RKPT,2019/06/19,2019170,-691198.938,-5591769.530,2979082.896
94,RKPT,2019/06/20,2019171,-691198.938,-5591769.535,2979082.897
97,RKPT,2019/06/21,2019172,-691198.936,-5591769.528,2979082.893
103,RKPT,2019/06/22,2019173,-691198.936,-5591769.529,2979082.897
111,RKPT,2019/06/23,2019174,-691198.938,-5591769.528,2979082.894
115,RKPT,2019/06/24,2019175,-691198.936,-5591769.536,2979082.900
119,RKPT,2019/06/25,2019176,-691198.938,-5591769.532,2979082.897
123,RKPT,2019/06/26,2019177,-691198.937,-5591769.532,2979082.895
130,RKPT,2019/06/27,2019178,-691198.938,-5591769.524,2979082.892
134,RKPT,2019/06/28,2019179,-691198.938,-5591769.528,2979082.894
137,RKPT,2019/06/29,2019180,-691198.937,-5591769.529,2979082.894
140,RKPT,2019/06/30,2019181,-691198.935,-5591769.532,2979082.895
142,RKPT,2019/07/01,2019182,-691198.937,-5591769.529,2979082.894
144,RKPT,2019/07/02,2019183,-691198.937,-5591769.528,2979082.896
485,RKPT,2019/07/03,2019184,-691198.937,-5591769.531,2979082.896
487,RKPT,2019/07/04,2019185,-691198.937,-5591769.532,2979082.898
489,RKPT,2019/07/05,2019186,-691198.938,-5591769.537,2979082.901
492,RKPT,2019/07/06,2019187,-691198.935,-5591769.524,2979082.894
494,RKPT,2019/07/07,2019188,-691198.936,-5591769.526,2979082.895
497,RKPT,2019/07/08,2019189,-691198.937,-5591769.528,2979082.895
498,RKPT,2019/07/09,2019190,-691198.936,-5591769.527,2979082.894
500,RKPT,2019/07/10,2019191,-691198.937,-5591769.528,2979082.895
502,RKPT,2019/07/11,2019192,-691198.938,-5591769.530,2979082.896
504,RKPT,2019/07/12,2019193,-691198.940,-5591769.538,2979082.901
507,RKPT,2019/07/13,2019194,-691198.941,-5591769.525,2979082.896
508,RKPT,2019/07/14,2019195,-691198.936,-5591769.533,2979082.895
511,RKPT,2019/07/15,2019196,-691198.939,-5591769.529,2979082.896
512,RKPT,2019/07/16,2019197,-691198.939,-5591769.532,2979082.899
514,RKPT,2019/07/17,2019198,-691198.939,-5591769.535,2979082.899
518,RKPT,2019/07/18,2019199,-691198.940,-5591769.534,2979082.900
520,RKPT,2019/07/19,2019200,-691198.937,-5591769.536,2979082.901
524,RKPT,2019/07/20,2019201,-691198.938,-5591769.533,2979082.900
526,RKPT,2019/07/21,2019202,-691198.938,-5591769.528,2979082.895
529,RKPT,2019/07/22,2019203,-691198.939,-5591769.531,2979082.896
532,RKPT,2019/07/23,2019204,-691198.941,-5591769.517,2979082.889
534,RKPT,2019/07/24,2019205,-691198.942,-5591769.532,2979082.897
538,RKPT,2019/07/25,2019206,-691198.937,-5591769.528,2979082.897
541,RKPT,2019/07/26,2019207,-691198.937,-5591769.530,2979082.894
545,RKPT,2019/07/27,2019208,-691198.938,-5591769.531,2979082.896
547,RKPT,2019/07/28,2019209,-691198.939,-5591769.529,2979082.897
550,RKPT,2019/07/29,2019210,-691198.937,-5591769.532,2979082.898
553,RKPT,2019/07/30,2019211,-691198.938,-5591769.531,2979082.897
556,RKPT,2019/07/31,2019212,-691198.937,-5591769.529,2979082.899
559,RKPT,2019/08/01,2019213,-691198.938,-5591769.535,2979082.894
562,RKPT,2019/08/02,2019214,-691198.939,-5591769.533,2979082.897
565,RKPT,2019/08/03,2019215,-691198.937,-5591769.533,2979082.898
568,RKPT,2019/08/04,2019216,-691198.937,-5591769.527,2979082.895
571,RKPT,2019/08/05,2019217,-691198.939,-5591769.542,2979082.900
576,RKPT,2019/08/06,2019218,-691198.937,-5591769.529,2979082.894
577,RKPT,2019/08/07,2019219,-691198.937,-5591769.538,2979082.900
580,RKPT,2019/08/08,2019220,-691198.940,-5591769.536,2979082.900
583,RKPT,2019/08/09,2019221,-691198.939,-5591769.542,2979082.902
586,RKPT,2019/08/10,2019222,-691198.939,-5591769.533,2979082.897
589,RKPT,2019/08/11,2019223,-691198.939,-5591769.539,2979082.901
984,RKPT,2019/08/12,2019224,-691198.940,-5591769.547,2979082.905
594,RKPT,2019/08/13,2019225,-691198.938,-5591769.534,2979082.897
597,RKPT,2019/08/14,2019226,-691198.939,-5591769.531,2979082.894
601,RKPT,2019/08/15,2019227,-691198.940,-5591769.528,2979082.894
605,RKPT,2019/08/16,2019228,-691198.937,-5591769.536,2979082.901
609,RKPT,2019/08/17,2019229,-691198.942,-5591769.535,2979082.898
153,RKPT,2019/08/18,2019230,-691198.939,-5591769.528,2979082.894
166,RKPT,2019/08/19,2019231,-691198.940,-5591769.535,2979082.898
174,RKPT,2019/08/20,2019232,-691198.941,-5591769.529,2979082.894
180,RKPT,2019/08/21,2019233,-691198.940,-5591769.531,2979082.895
611,RKPT,2019/08/22,2019234,-691198.941,-5591769.540,2979082.900
614,RKPT,2019/08/23,2019235,-691198.939,-5591769.532,2979082.896
618,RKPT,2019/08/24,2019236,-691198.939,-5591769.545,2979082.903
621,RKPT,2019/08/25,2019237,-691198.939,-5591769.528,2979082.892
624,RKPT,2019/08/26,2019238,-691198.939,-5591769.530,2979082.896
627,RKPT,2019/08/27,2019239,-691198.938,-5591769.527,2979082.893
630,RKPT,2019/08/28,2019240,-691198.941,-5591769.536,2979082.897
632,RKPT,2019/08/29,2019241,-691198.939,-5591769.530,2979082.892
636,RKPT,2019/08/30,2019242,-691198.942,-5591769.531,2979082.897
639,RKPT,2019/08/31,2019243,-691198.937,-5591769.519,2979082.889
642,RKPT,2019/09/01,2019244,-691198.940,-5591769.534,2979082.898
995,RKPT,2019/09/02,2019245,-691198.941,-5591769.533,2979082.897
645,RKPT,2019/09/03,2019246,-691198.941,-5591769.530,2979082.894
649,RKPT,2019/09/04,2019247,-691198.940,-5591769.535,2979082.901
651,RKPT,2019/09/05,2019248,-691198.937,-5591769.528,2979082.900
655,RKPT,2019/09/06,2019249,-691198.943,-5591769.537,2979082.900
658,RKPT,2019/09/07,2019250,-691198.937,-5591769.531,2979082.896
661,RKPT,2019/09/08,2019251,-691198.938,-5591769.534,2979082.897
664,RKPT,2019/09/09,2019252,-691198.939,-5591769.534,2979082.898
667,RKPT,2019/09/10,2019253,-691198.941,-5591769.535,2979082.898
670,RKPT,2019/09/11,2019254,-691198.937,-5591769.529,2979082.896
674,RKPT,2019/09/12,2019255,-691198.941,-5591769.536,2979082.899
678,RKPT,2019/09/13,2019256,-691198.937,-5591769.527,2979082.892
682,RKPT,2019/09/14,2019257,-691198.940,-5591769.527,2979082.893
686,RKPT,2019/09/15,2019258,-691198.941,-5591769.526,2979082.894
690,RKPT,2019/09/16,2019259,-691198.939,-5591769.526,2979082.891
694,RKPT,2019/09/17,2019260,-691198.941,-5591769.529,2979082.892
697,RKPT,2019/09/18,2019261,-691198.940,-5591769.538,2979082.898
701,RKPT,2019/09/19,2019262,-691198.938,-5591769.531,2979082.896
706,RKPT,2019/09/20,2019263,-691198.937,-5591769.530,2979082.897
710,RKPT,2019/09/21,2019264,-691198.942,-5591769.538,2979082.898
713,RKPT,2019/09/22,2019265,-691198.938,-5591769.519,2979082.893
717,RKPT,2019/09/23,2019266,-691198.940,-5591769.520,2979082.890
721,RKPT,2019/09/24,2019267,-691198.942,-5591769.529,2979082.894
725,RKPT,2019/09/25,2019268,-691198.936,-5591769.521,2979082.890
729,RKPT,2019/09/26,2019269,-691198.938,-5591769.523,2979082.889
733,RKPT,2019/09/27,2019270,-691198.944,-5591769.545,2979082.904
737,RKPT,2019/09/28,2019271,-691198.939,-5591769.533,2979082.895
741,RKPT,2019/09/29,2019272,-691198.940,-5591769.523,2979082.890
745,RKPT,2019/09/30,2019273,-691198.937,-5591769.521,2979082.891
197,RKPT,2019/10/01,2019274,-691198.939,-5591769.525,2979082.897
207,RKPT,2019/10/02,2019275,-691198.938,-5591769.539,2979082.902
212,RKPT,2019/10/03,2019276,-691198.939,-5591769.515,2979082.890
219,RKPT,2019/10/04,2019277,-691198.946,-5591769.537,2979082.901
749,RKPT,2019/10/05,2019278,-691198.941,-5591769.526,2979082.894
747,RKPT,2019/10/06,2019279,-691198.941,-5591769.528,2979082.894
753,RKPT,2019/10/07,2019280,-691198.941,-5591769.523,2979082.893
757,RKPT,2019/10/08,2019281,-691198.942,-5591769.526,2979082.894
761,RKPT,2019/10/09,2019282,-691198.939,-5591769.524,2979082.893
764,RKPT,2019/10/10,2019283,-691198.939,-5591769.529,2979082.897
769,RKPT,2019/10/11,2019284,-691198.940,-5591769.534,2979082.896
774,RKPT,2019/10/12,2019285,-691198.941,-5591769.527,2979082.897
778,RKPT,2019/10/13,2019286,-691198.941,-5591769.527,2979082.896
782,RKPT,2019/10/14,2019287,-691198.942,-5591769.528,2979082.897
793,RKPT,2019/10/15,2019288,-691198.941,-5591769.531,2979082.896
786,RKPT,2019/10/16,2019289,-691198.940,-5591769.530,2979082.894
789,RKPT,2019/10/17,2019290,-691198.939,-5591769.525,2979082.892
792,RKPT,2019/10/18,2019291,-691198.940,-5591769.523,2979082.894
796,RKPT,2019/10/19,2019292,-691198.941,-5591769.528,2979082.897
799,RKPT,2019/10/20,2019293,-691198.940,-5591769.521,2979082.898
802,RKPT,2019/10/21,2019294,-691198.939,-5591769.525,2979082.896
804,RKPT,2019/10/22,2019295,-691198.941,-5591769.524,2979082.891
808,RKPT,2019/10/23,2019296,-691198.941,-5591769.521,2979082.891
811,RKPT,2019/10/24,2019297,-691198.940,-5591769.528,2979082.895
814,RKPT,2019/10/25,2019298,-691198.940,-5591769.526,2979082.894
817,RKPT,2019/10/26,2019299,-691198.941,-5591769.524,2979082.891
820,RKPT,2019/10/27,2019300,-691198.941,-5591769.532,2979082.897
823,RKPT,2019/10/28,2019301,-691198.940,-5591769.534,2979082.898
826,RKPT,2019/10/29,2019302,-691198.939,-5591769.521,2979082.894
829,RKPT,2019/10/30,2019303,-691198.940,-5591769.522,2979082.891
832,RKPT,2019/10/31,2019304,-691198.941,-5591769.523,2979082.893
835,RKPT,2019/11/01,2019305,-691198.940,-5591769.528,2979082.896
838,RKPT,2019/11/02,2019306,-691198.941,-5591769.522,2979082.892
841,RKPT,2019/11/03,2019307,-691198.942,-5591769.526,2979082.893
844,RKPT,2019/11/04,2019308,-691198.940,-5591769.521,2979082.892
848,RKPT,2019/11/05,2019309,-691198.939,-5591769.519,2979082.892
850,RKPT,2019/11/06,2019310,-691198.942,-5591769.525,2979082.892
853,RKPT,2019/11/07,2019311,-691198.941,-5591769.528,2979082.894
856,RKPT,2019/11/08,2019312,-691198.941,-5591769.521,2979082.889
859,RKPT,2019/11/09,2019313,-691198.940,-5591769.529,2979082.897
862,RKPT,2019/11/10,2019314,-691198.941,-5591769.528,2979082.895
865,RKPT,2019/11/11,2019315,-691198.942,-5591769.525,2979082.891
868,RKPT,2019/11/12,2019316,-691198.940,-5591769.522,2979082.891
871,RKPT,2019/11/13,2019317,-691198.941,-5591769.530,2979082.896
874,RKPT,2019/11/14,2019318,-691198.941,-5591769.527,2979082.895
878,RKPT,2019/11/15,2019319,-691198.942,-5591769.523,2979082.891
880,RKPT,2019/11/16,2019320,-691198.942,-5591769.526,2979082.893
883,RKPT,2019/11/17,2019321,-691198.941,-5591769.527,2979082.896
227,RKPT,2019/11/18,2019322,-691198.941,-5591769.522,2979082.891
234,RKPT,2019/11/19,2019323,-691198.942,-5591769.525,2979082.892
235,RKPT,2019/11/20,2019324,-691198.942,-5591769.524,2979082.893
244,RKPT,2019/11/21,2019325,-691198.941,-5591769.523,2979082.892
247,RKPT,2019/11/22,2019326,-691198.941,-5591769.526,2979082.894
253,RKPT,2019/11/23,2019327,-691198.943,-5591769.526,2979082.892
258,RKPT,2019/11/24,2019328,-691198.943,-5591769.523,2979082.892
263,RKPT,2019/11/25,2019329,-691198.942,-5591769.530,2979082.898
267,RKPT,2019/11/26,2019330,-691198.942,-5591769.533,2979082.899
271,RKPT,2019/11/27,2019331,-691198.941,-5591769.523,2979082.892
888,RKPT,2019/11/28,2019332,-691198.940,-5591769.521,2979082.891
892,RKPT,2019/11/29,2019333,-691198.943,-5591769.532,2979082.898
896,RKPT,2019/11/30,2019334,-691198.944,-5591769.531,2979082.897
900,RKPT,2019/12/01,2019335,-691198.944,-5591769.532,2979082.896
904,RKPT,2019/12/02,2019336,-691198.942,-5591769.524,2979082.892
907,RKPT,2019/12/03,2019337,-691198.942,-5591769.534,2979082.898
910,RKPT,2019/12/04,2019338,-691198.944,-5591769.526,2979082.893
913,RKPT,2019/12/05,2019339,-691198.943,-5591769.530,2979082.896
917,RKPT,2019/12/06,2019340,-691198.945,-5591769.533,2979082.900
919,RKPT,2019/12/07,2019341,-691198.943,-5591769.525,2979082.893
922,RKPT,2019/12/08,2019342,-691198.942,-5591769.524,2979082.891
925,RKPT,2019/12/09,2019343,-691198.943,-5591769.532,2979082.896
928,RKPT,2019/12/10,2019344,-691198.942,-5591769.527,2979082.895
932,RKPT,2019/12/11,2019345,-691198.942,-5591769.530,2979082.896
934,RKPT,2019/12/12,2019346,-691198.939,-5591769.530,2979082.898
938,RKPT,2019/12/13,2019347,-691198.938,-5591769.527,2979082.896
940,RKPT,2019/12/14,2019348,-691198.943,-5591769.529,2979082.897
943,RKPT,2019/12/15,2019349,-691198.943,-5591769.527,2979082.894
945,RKPT,2019/12/16,2019350,-691198.942,-5591769.531,2979082.898
948,RKPT,2019/12/17,2019351,-691198.941,-5591769.530,2979082.897
952,RKPT,2019/12/18,2019352,-691198.943,-5591769.528,2979082.894
954,RKPT,2019/12/19,2019353,-691198.944,-5591769.527,2979082.893
958,RKPT,2019/12/20,2019354,-691198.942,-5591769.525,2979082.894
960,RKPT,2019/12/21,2019355,-691198.941,-5591769.528,2979082.896
964,RKPT,2019/12/22,2019356,-691198.943,-5591769.527,2979082.895
967,RKPT,2019/12/23,2019357,-691198.944,-5591769.533,2979082.897
970,RKPT,2019/12/24,2019358,-691198.943,-5591769.526,2979082.892
973,RKPT,2019/12/25,2019359,-691198.943,-5591769.533,2979082.898
976,RKPT,2019/12/26,2019360,-691198.943,-5591769.530,2979082.896
981,RKPT,2019/12/27,2019361,-691198.942,-5591769.526,2979082.894
985,RKPT,2019/12/28,2019362,-691198.942,-5591769.525,2979082.893
988,RKPT,2019/12/29,2019363,-691198.941,-5591769.526,2979082.897
991,RKPT,2019/12/30,2019364,-691198.943,-5591769.530,2979082.898
993,RKPT,2019/12/31,2019365,-691198.942,-5591769.524,2979082.892
2,RKPT,2020/01/01,2020001,-691198.943,-5591769.530,2979082.895
4,RKPT,2020/01/02,2020002,-691198.943,-5591769.532,2979082.897
6,RKPT,2020/01/03,2020003,-691198.941,-5591769.524,2979082.894
12,RKPT,2020/01/05,2020005,-691198.943,-5591769.528,2979082.896
16,RKPT,2020/01/06,2020006,-691198.944,-5591769.529,2979082.896
17,RKPT,2020/01/07,2020007,-691198.943,-5591769.529,2979082.895
20,RKPT,2020/01/08,2020008,-691198.943,-5591769.532,2979082.898
23,RKPT,2020/01/09,2020009,-691198.943,-5591769.523,2979082.892
31,RKPT,2020/01/10,2020010,-691198.943,-5591769.529,2979082.896
27,RKPT,2020/01/11,2020011,-691198.943,-5591769.529,2979082.897
33,RKPT,2020/01/12,2020012,-691198.943,-5591769.525,2979082.893
44,RKPT,2020/01/13,2020013,-691198.944,-5591769.525,2979082.893
47,RKPT,2020/01/14,2020014,-691198.944,-5591769.529,2979082.895
466,RKPT,2020/01/15,2020015,-691198.943,-5591769.520,2979082.890
52,RKPT,2020/01/16,2020016,-691198.943,-5591769.529,2979082.895
55,RKPT,2020/01/17,2020017,-691198.943,-5591769.516,2979082.888
61,RKPT,2020/01/18,2020018,-691198.939,-5591769.519,2979082.890
65,RKPT,2020/01/19,2020019,-691198.943,-5591769.522,2979082.890
78,RKPT,2020/01/20,2020020,-691198.944,-5591769.525,2979082.891
83,RKPT,2020/01/21,2020021,-691198.943,-5591769.527,2979082.893
85,RKPT,2020/01/22,2020022,-691198.943,-5591769.530,2979082.898
88,RKPT,2020/01/23,2020023,-691198.945,-5591769.529,2979082.895
90,RKPT,2020/01/24,2020024,-691198.943,-5591769.527,2979082.894
100,RKPT,2020/01/25,2020025,-691198.942,-5591769.524,2979082.891
102,RKPT,2020/01/26,2020026,-691198.944,-5591769.530,2979082.896
105,RKPT,2020/01/27,2020027,-691198.943,-5591769.523,2979082.892
108,RKPT,2020/01/28,2020028,-691198.943,-5591769.529,2979082.895
113,RKPT,2020/01/29,2020029,-691198.945,-5591769.533,2979082.897
122,RKPT,2020/01/30,2020030,-691198.943,-5591769.528,2979082.894
126,RKPT,2020/01/31,2020031,-691198.944,-5591769.530,2979082.896
128,RKPT,2020/02/01,2020032,-691198.945,-5591769.525,2979082.891
131,RKPT,2020/02/02,2020033,-691198.944,-5591769.528,2979082.896
136,RKPT,2020/02/03,2020034,-691198.944,-5591769.525,2979082.892
145,RKPT,2020/02/04,2020035,-691198.944,-5591769.529,2979082.896
149,RKPT,2020/02/05,2020036,-691198.943,-5591769.528,2979082.894
152,RKPT,2020/02/06,2020037,-691198.945,-5591769.529,2979082.893
155,RKPT,2020/02/07,2020038,-691198.943,-5591769.531,2979082.897
159,RKPT,2020/02/08,2020039,-691198.942,-5591769.528,2979082.896
161,RKPT,2020/02/09,2020040,-691198.944,-5591769.526,2979082.894
163,RKPT,2020/02/10,2020041,-691198.944,-5591769.529,2979082.896
169,RKPT,2020/02/11,2020042,-691198.943,-5591769.533,2979082.896
171,RKPT,2020/02/12,2020043,-691198.944,-5591769.535,2979082.900
175,RKPT,2020/02/13,2020044,-691198.943,-5591769.522,2979082.891
183,RKPT,2020/02/14,2020045,-691198.944,-5591769.531,2979082.898
186,RKPT,2020/02/15,2020046,-691198.945,-5591769.526,2979082.894
188,RKPT,2020/02/16,2020047,-691198.944,-5591769.531,2979082.897
190,RKPT,2020/02/17,2020048,-691198.944,-5591769.527,2979082.893
193,RKPT,2020/02/18,2020049,-691198.944,-5591769.524,2979082.894
199,RKPT,2020/02/19,2020050,-691198.944,-5591769.528,2979082.893
202,RKPT,2020/02/20,2020051,-691198.942,-5591769.522,2979082.893
205,RKPT,2020/02/21,2020052,-691198.944,-5591769.525,2979082.892
211,RKPT,2020/02/22,2020053,-691198.945,-5591769.533,2979082.897
30,RKPT,2020/02/23,2020054,-691198.944,-5591769.528,2979082.894
35,RKPT,2020/02/24,2020055,-691198.944,-5591769.523,2979082.892
37,RKPT,2020/02/25,2020056,-691198.945,-5591769.529,2979082.895
39,RKPT,2020/02/26,2020057,-691198.946,-5591769.538,2979082.899
42,RKPT,2020/02/27,2020058,-691198.944,-5591769.526,2979082.893
214,RKPT,2020/02/28,2020059,-691198.945,-5591769.531,2979082.895
218,RKPT,2020/02/29,2020060,-691198.945,-5591769.527,2979082.893
221,RKPT,2020/03/01,2020061,-691198.944,-5591769.526,2979082.894
225,RKPT,2020/03/02,2020062,-691198.946,-5591769.530,2979082.895
230,RKPT,2020/03/03,2020063,-691198.945,-5591769.530,2979082.896
232,RKPT,2020/03/04,2020064,-691198.945,-5591769.532,2979082.897
238,RKPT,2020/03/05,2020065,-691198.945,-5591769.527,2979082.894
243,RKPT,2020/03/06,2020066,-691198.945,-5591769.526,2979082.894
251,RKPT,2020/03/07,2020067,-691198.945,-5591769.534,2979082.897
254,RKPT,2020/03/08,2020068,-691198.945,-5591769.530,2979082.896
261,RKPT,2020/03/09,2020069,-691198.945,-5591769.528,2979082.896
265,RKPT,2020/03/10,2020070,-691198.945,-5591769.524,2979082.893
273,RKPT,2020/03/11,2020071,-691198.945,-5591769.526,2979082.894
276,RKPT,2020/03/12,2020072,-691198.944,-5591769.529,2979082.895
278,RKPT,2020/03/13,2020073,-691198.946,-5591769.534,2979082.897
280,RKPT,2020/03/14,2020074,-691198.945,-5591769.533,2979082.897
282,RKPT,2020/03/15,2020075,-691198.946,-5591769.528,2979082.894
284,RKPT,2020/03/16,2020076,-691198.946,-5591769.532,2979082.895
286,RKPT,2020/03/17,2020077,-691198.944,-5591769.530,2979082.896
288,RKPT,2020/03/18,2020078,-691198.945,-5591769.529,2979082.896
290,RKPT,2020/03/19,2020079,-691198.945,-5591769.532,2979082.896
293,RKPT,2020/03/20,2020080,-691198.946,-5591769.532,2979082.897
294,RKPT,2020/03/21,2020081,-691198.943,-5591769.530,2979082.896
296,RKPT,2020/03/22,2020082,-691198.947,-5591769.533,2979082.898
300,RKPT,2020/03/23,2020083,-691198.944,-5591769.536,2979082.900
299,RKPT,2020/03/24,2020084,-691198.946,-5591769.532,2979082.896
302,RKPT,2020/03/25,2020085,-691198.946,-5591769.529,2979082.896
303,RKPT,2020/03/26,2020086,-691198.946,-5591769.530,2979082.895
306,RKPT,2020/03/27,2020087,-691198.946,-5591769.541,2979082.901
308,RKPT,2020/03/28,2020088,-691198.944,-5591769.537,2979082.899
310,RKPT,2020/03/29,2020089,-691198.945,-5591769.535,2979082.901
311,RKPT,2020/03/30,2020090,-691198.946,-5591769.537,2979082.901
314,RKPT,2020/03/31,2020091,-691198.945,-5591769.529,2979082.894
316,RKPT,2020/04/01,2020092,-691198.947,-5591769.530,2979082.894
318,RKPT,2020/04/02,2020093,-691198.946,-5591769.530,2979082.894
320,RKPT,2020/04/03,2020094,-691198.946,-5591769.532,2979082.897
322,RKPT,2020/04/04,2020095,-691198.947,-5591769.530,2979082.894
325,RKPT,2020/04/05,2020096,-691198.948,-5591769.530,2979082.895
326,RKPT,2020/04/06,2020097,-691198.945,-5591769.527,2979082.895
328,RKPT,2020/04/07,2020098,-691198.948,-5591769.525,2979082.893
770,RKPT,2020/04/08,2020099,-691198.947,-5591769.529,2979082.895
330,RKPT,2020/04/09,2020100,-691198.945,-5591769.532,2979082.896
333,RKPT,2020/04/10,2020101,-691198.947,-5591769.536,2979082.898
335,RKPT,2020/04/11,2020102,-691198.949,-5591769.535,2979082.900
338,RKPT,2020/04/12,2020103,-691198.946,-5591769.529,2979082.897
339,RKPT,2020/04/13,2020104,-691198.948,-5591769.535,2979082.898
341,RKPT,2020/04/14,2020105,-691198.947,-5591769.528,2979082.895
343,RKPT,2020/04/15,2020106,-691198.947,-5591769.533,2979082.898
345,RKPT,2020/04/16,2020107,-691198.948,-5591769.529,2979082.896
348,RKPT,2020/04/17,2020108,-691198.947,-5591769.534,2979082.898
349,RKPT,2020/04/18,2020109,-691198.947,-5591769.529,2979082.898
351,RKPT,2020/04/19,2020110,-691198.948,-5591769.537,2979082.900
353,RKPT,2020/04/20,2020111,-691198.946,-5591769.530,2979082.897
355,RKPT,2020/04/21,2020112,-691198.946,-5591769.531,2979082.894
357,RKPT,2020/04/22,2020113,-691198.946,-5591769.533,2979082.898
978,RKPT,2020/04/23,2020114,-691198.947,-5591769.529,2979082.896
57,RKPT,2020/04/24,2020115,-691198.947,-5591769.535,2979082.898
60,RKPT,2020/04/25,2020116,-691198.946,-5591769.523,2979082.893
68,RKPT,2020/04/26,2020117,-691198.947,-5591769.527,2979082.893
75,RKPT,2020/04/27,2020118,-691198.946,-5591769.536,2979082.899
74,RKPT,2020/04/28,2020119,-691198.945,-5591769.531,2979082.898
79,RKPT,2020/04/29,2020120,-691198.946,-5591769.526,2979082.895
359,RKPT,2020/04/30,2020121,-691198.947,-5591769.526,2979082.894
362,RKPT,2020/05/01,2020122,-691198.947,-5591769.533,2979082.898
364,RKPT,2020/05/02,2020123,-691198.946,-5591769.533,2979082.898
368,RKPT,2020/05/03,2020124,-691198.949,-5591769.533,2979082.897
371,RKPT,2020/05/04,2020125,-691198.947,-5591769.530,2979082.895
374,RKPT,2020/05/05,2020126,-691198.947,-5591769.531,2979082.897
392,RKPT,2020/05/06,2020127,-691198.945,-5591769.529,2979082.897
379,RKPT,2020/05/07,2020128,-691198.948,-5591769.533,2979082.897
380,RKPT,2020/05/08,2020129,-691198.947,-5591769.533,2979082.896
384,RKPT,2020/05/09,2020130,-691198.947,-5591769.536,2979082.899
387,RKPT,2020/05/10,2020131,-691198.949,-5591769.533,2979082.899
391,RKPT,2020/05/11,2020132,-691198.947,-5591769.528,2979082.895
395,RKPT,2020/05/12,2020133,-691198.946,-5591769.532,2979082.900
398,RKPT,2020/05/13,2020134,-691198.946,-5591769.532,2979082.898
402,RKPT,2020/05/14,2020135,-691198.942,-5591769.538,2979082.899
407,RKPT,2020/05/15,2020136,-691198.947,-5591769.529,2979082.896
411,RKPT,2020/05/16,2020137,-691198.948,-5591769.529,2979082.896
415,RKPT,2020/05/17,2020138,-691198.947,-5591769.528,2979082.894
413,RKPT,2020/05/18,2020139,-691198.949,-5591769.533,2979082.899
418,RKPT,2020/05/19,2020140,-691198.949,-5591769.534,2979082.899
420,RKPT,2020/05/20,2020141,-691198.947,-5591769.533,2979082.898
421,RKPT,2020/05/21,2020142,-691198.944,-5591769.536,2979082.898
423,RKPT,2020/05/22,2020143,-691198.947,-5591769.529,2979082.894
425,RKPT,2020/05/23,2020144,-691198.943,-5591769.537,2979082.900
427,RKPT,2020/05/24,2020145,-691198.946,-5591769.530,2979082.896
428,RKPT,2020/05/25,2020146,-691198.947,-5591769.537,2979082.899
432,RKPT,2020/05/26,2020147,-691198.946,-5591769.525,2979082.895
434,RKPT,2020/05/27,2020148,-691198.948,-5591769.534,2979082.899
436,RKPT,2020/05/28,2020149,-691198.948,-5591769.532,2979082.897
438,RKPT,2020/05/29,2020150,-691198.944,-5591769.527,2979082.896
440,RKPT,2020/05/30,2020151,-691198.949,-5591769.535,2979082.900
442,RKPT,2020/05/31,2020152,-691198.946,-5591769.532,2979082.899
444,RKPT,2020/06/01,2020153,-691198.949,-5591769.528,2979082.894
447,RKPT,2020/06/02,2020154,-691198.946,-5591769.533,2979082.898
446,RKPT,2020/06/03,2020155,-691198.946,-5591769.538,2979082.899
449,RKPT,2020/06/04,2020156,-691198.949,-5591769.531,2979082.895
452,RKPT,2020/06/05,2020157,-691198.944,-5591769.537,2979082.901
454,RKPT,2020/06/06,2020158,-691198.947,-5591769.526,2979082.893
456,RKPT,2020/06/07,2020159,-691198.947,-5591769.534,2979082.897
458,RKPT,2020/06/08,2020160,-691198.947,-5591769.536,2979082.898
460,RKPT,2020/06/09,2020161,-691198.948,-5591769.527,2979082.895
462,RKPT,2020/06/10,2020162,-691198.946,-5591769.535,2979082.898
463,RKPT,2020/06/11,2020163,-691198.948,-5591769.536,2979082.899
467,RKPT,2020/06/12,2020164,-691198.946,-5591769.524,2979082.893
470,RKPT,2020/06/13,2020165,-691198.948,-5591769.522,2979082.891
472,RKPT,2020/06/14,2020166,-691198.949,-5591769.533,2979082.898
476,RKPT,2020/06/15,2020167,-691198.948,-5591769.532,2979082.901
478,RKPT,2020/06/16,2020168,-691198.948,-5591769.531,2979082.897
481,RKPT,2020/06/17,2020169,-691198.948,-5591769.533,2979082.899
91,RKPT,2020/06/18,2020170,-691198.945,-5591769.541,2979082.898
95,RKPT,2020/06/19,2020171,-691198.951,-5591769.535,2979082.898
98,RKPT,2020/06/20,2020172,-691198.949,-5591769.544,2979082.902
107,RKPT,2020/06/21,2020173,-691198.948,-5591769.535,2979082.897
112,RKPT,2020/06/22,2020174,-691198.949,-5591769.538,2979082.899
117,RKPT,2020/06/23,2020175,-691198.947,-5591769.534,2979082.901
120,RKPT,2020/06/24,2020176,-691198.948,-5591769.539,2979082.897
125,RKPT,2020/06/25,2020177,-691198.954,-5591769.533,2979082.901
132,RKPT,2020/06/26,2020178,-691198.945,-5591769.527,2979082.894
135,RKPT,2020/06/27,2020179,-691198.948,-5591769.526,2979082.895
138,RKPT,2020/06/28,2020180,-691198.948,-5591769.536,2979082.898
141,RKPT,2020/06/29,2020181,-691198.949,-5591769.532,2979082.895
143,RKPT,2020/06/30,2020182,-691198.948,-5591769.531,2979082.894
484,RKPT,2020/07/01,2020183,-691198.945,-5591769.527,2979082.893
486,RKPT,2020/07/02,2020184,-691198.946,-5591769.524,2979082.891
488,RKPT,2020/07/03,2020185,-691198.948,-5591769.524,2979082.892
490,RKPT,2020/07/04,2020186,-691198.947,-5591769.529,2979082.893
493,RKPT,2020/07/05,2020187,-691198.948,-5591769.524,2979082.892
495,RKPT,2020/07/06,2020188,-691198.948,-5591769.526,2979082.893
496,RKPT,2020/07/07,2020189,-691198.946,-5591769.527,2979082.893
499,RKPT,2020/07/08,2020190,-691198.946,-5591769.527,2979082.892
501,RKPT,2020/07/09,2020191,-691198.948,-5591769.525,2979082.892
503,RKPT,2020/07/10,2020192,-691198.948,-5591769.531,2979082.894
505,RKPT,2020/07/11,2020193,-691198.948,-5591769.530,2979082.894
506,RKPT,2020/07/12,2020194,-691198.950,-5591769.528,2979082.894
509,RKPT,2020/07/13,2020195,-691198.949,-5591769.532,2979082.895
510,RKPT,2020/07/14,2020196,-691198.947,-5591769.526,2979082.892
513,RKPT,2020/07/15,2020197,-691198.950,-5591769.529,2979082.894
515,RKPT,2020/07/16,2020198,-691198.949,-5591769.527,2979082.893
517,RKPT,2020/07/17,2020199,-691198.949,-5591769.529,2979082.898
521,RKPT,2020/07/18,2020200,-691198.947,-5591769.525,2979082.895
523,RKPT,2020/07/19,2020201,-691198.949,-5591769.523,2979082.895
528,RKPT,2020/07/20,2020202,-691198.950,-5591769.533,2979082.895
530,RKPT,2020/07/21,2020203,-691198.950,-5591769.531,2979082.895
533,RKPT,2020/07/22,2020204,-691198.949,-5591769.531,2979082.898
536,RKPT,2020/07/23,2020205,-691198.952,-5591769.529,2979082.894
540,RKPT,2020/07/24,2020206,-691198.951,-5591769.533,2979082.896
542,RKPT,2020/07/25,2020207,-691198.952,-5591769.529,2979082.894
544,RKPT,2020/07/26,2020208,-691198.950,-5591769.529,2979082.895
548,RKPT,2020/07/27,2020209,-691198.948,-5591769.528,2979082.894
551,RKPT,2020/07/28,2020210,-691198.949,-5591769.534,2979082.896
554,RKPT,2020/07/29,2020211,-691198.949,-5591769.530,2979082.898
557,RKPT,2020/07/30,2020212,-691198.949,-5591769.528,2979082.896
560,RKPT,2020/07/31,2020213,-691198.950,-5591769.528,2979082.897
563,RKPT,2020/08/01,2020214,-691198.949,-5591769.550,2979082.904
566,RKPT,2020/08/02,2020215,-691198.948,-5591769.532,2979082.898
570,RKPT,2020/08/03,2020216,-691198.948,-5591769.535,2979082.898
572,RKPT,2020/08/04,2020217,-691198.950,-5591769.529,2979082.894
574,RKPT,2020/08/05,2020218,-691198.950,-5591769.535,2979082.898
578,RKPT,2020/08/06,2020219,-691198.949,-5591769.537,2979082.900
581,RKPT,2020/08/07,2020220,-691198.950,-5591769.528,2979082.893
584,RKPT,2020/08/08,2020221,-691198.950,-5591769.524,2979082.891
587,RKPT,2020/08/09,2020222,-691198.945,-5591769.529,2979082.897
590,RKPT,2020/08/10,2020223,-691198.948,-5591769.525,2979082.895
592,RKPT,2020/08/11,2020224,-691198.950,-5591769.529,2979082.894
595,RKPT,2020/08/12,2020225,-691198.949,-5591769.530,2979082.894
598,RKPT,2020/08/13,2020226,-691198.950,-5591769.533,2979082.896
602,RKPT,2020/08/14,2020227,-691198.949,-5591769.531,2979082.898
606,RKPT,2020/08/15,2020228,-691198.951,-5591769.534,2979082.898
146,RKPT,2020/08/16,2020229,-691198.948,-5591769.530,2979082.898
157,RKPT,2020/08/17,2020230,-691198.950,-5591769.524,2979082.892
167,RKPT,2020/08/18,2020231,-691198.949,-5591769.517,2979082.891
176,RKPT,2020/08/19,2020232,-691198.950,-5591769.539,2979082.896
182,RKPT,2020/08/20,2020233,-691198.948,-5591769.529,2979082.895
610,RKPT,2020/08/21,2020234,-691198.950,-5591769.535,2979082.898
615,RKPT,2020/08/22,2020235,-691198.949,-5591769.522,2979082.890
619,RKPT,2020/08/23,2020236,-691198.944,-5591769.533,2979082.894
622,RKPT,2020/08/24,2020237,-691198.951,-5591769.528,2979082.894
625,RKPT,2020/08/25,2020238,-691198.949,-5591769.528,2979082.895
628,RKPT,2020/08/26,2020239,-691198.951,-5591769.536,2979082.898
631,RKPT,2020/08/27,2020240,-691198.951,-5591769.523,2979082.890
634,RKPT,2020/08/28,2020241,-691198.950,-5591769.517,2979082.890
637,RKPT,2020/08/29,2020242,-691198.952,-5591769.529,2979082.897
640,RKPT,2020/08/30,2020243,-691198.948,-5591769.525,2979082.892
643,RKPT,2020/08/31,2020244,-691198.947,-5591769.529,2979082.898
996,RKPT,2020/09/01,2020245,-691198.949,-5591769.527,2979082.893
647,RKPT,2020/09/02,2020246,-691198.949,-5591769.523,2979082.891
650,RKPT,2020/09/03,2020247,-691198.949,-5591769.537,2979082.899
653,RKPT,2020/09/04,2020248,-691198.951,-5591769.529,2979082.894
656,RKPT,2020/09/05,2020249,-691198.952,-5591769.541,2979082.902
659,RKPT,2020/09/06,2020250,-691198.949,-5591769.535,2979082.898
662,RKPT,2020/09/07,2020251,-691198.950,-5591769.528,2979082.896
665,RKPT,2020/09/08,2020252,-691198.948,-5591769.533,2979082.898
668,RKPT,2020/09/09,2020253,-691198.950,-5591769.523,2979082.894
671,RKPT,2020/09/10,2020254,-691198.952,-5591769.535,2979082.898
675,RKPT,2020/09/11,2020255,-691198.949,-5591769.530,2979082.896
679,RKPT,2020/09/12,2020256,-691198.948,-5591769.528,2979082.896
683,RKPT,2020/09/13,2020257,-691198.949,-5591769.517,2979082.888
687,RKPT,2020/09/14,2020258,-691198.947,-5591769.526,2979082.892
693,RKPT,2020/09/15,2020259,-691198.950,-5591769.514,2979082.889
695,RKPT,2020/09/16,2020260,-691198.952,-5591769.532,2979082.897
698,RKPT,2020/09/17,2020261,-691198.953,-5591769.530,2979082.896
702,RKPT,2020/09/18,2020262,-691198.954,-5591769.523,2979082.894
705,RKPT,2020/09/19,2020263,-691198.952,-5591769.527,2979082.896
709,RKPT,2020/09/20,2020264,-691198.951,-5591769.514,2979082.890
715,RKPT,2020/09/21,2020265,-691198.951,-5591769.532,2979082.896
718,RKPT,2020/09/22,2020266,-691198.949,-5591769.520,2979082.892
722,RKPT,2020/09/23,2020267,-691198.950,-5591769.515,2979082.886
726,RKPT,2020/09/24,2020268,-691198.951,-5591769.519,2979082.890
730,RKPT,2020/09/25,2020269,-691198.951,-5591769.524,2979082.890
734,RKPT,2020/09/26,2020270,-691198.951,-5591769.524,2979082.892
738,RKPT,2020/09/27,2020271,-691198.951,-5591769.527,2979082.892
742,RKPT,2020/09/28,2020272,-691198.952,-5591769.523,2979082.891
191,RKPT,2020/09/29,2020273,-691198.951,-5591769.520,2979082.890
198,RKPT,2020/09/30,2020274,-691198.951,-5591769.519,2979082.889
206,RKPT,2020/10/01,2020275,-691198.951,-5591769.527,2979082.895
213,RKPT,2020/10/02,2020276,-691198.950,-5591769.516,2979082.888
223,RKPT,2020/10/03,2020277,-691198.952,-5591769.521,2979082.890
997,RKPT,2020/10/04,2020278,-691198.952,-5591769.523,2979082.892
750,RKPT,2020/10/05,2020279,-691198.951,-5591769.522,2979082.891
754,RKPT,2020/10/06,2020280,-691198.951,-5591769.518,2979082.888
758,RKPT,2020/10/07,2020281,-691198.951,-5591769.517,2979082.888
762,RKPT,2020/10/08,2020282,-691198.951,-5591769.519,2979082.890
766,RKPT,2020/10/09,2020283,-691198.952,-5591769.532,2979082.895
771,RKPT,2020/10/10,2020284,-691198.950,-5591769.520,2979082.889
775,RKPT,2020/10/11,2020285,-691198.951,-5591769.518,2979082.889
275,RKPT,2020/11/24,2020329,-691198.952,-5591769.529,2979082.896
268,RKPT,2020/11/25,2020330,-691198.953,-5591769.529,2979082.893
885,RKPT,2020/11/26,2020331,-691198.953,-5591769.524,2979082.893
889,RKPT,2020/11/27,2020332,-691198.952,-5591769.525,2979082.893
893,RKPT,2020/11/28,2020333,-691198.953,-5591769.521,2979082.890
897,RKPT,2020/11/29,2020334,-691198.953,-5591769.521,2979082.887
902,RKPT,2020/11/30,2020335,-691198.952,-5591769.528,2979082.893
